Please contact our media relations office.5000 Forbes Ave, Hamburg Hall, Pittsburgh, PA 15213-3890 · 412.268.2159©2020 Carnegie Mellon University. All Rights Reserved.About   


School of Information Systems & Management
School of Public Policy & Management
College of Fine Arts Joint Degree Programs
Diversity & Inclusion
Heinz College Policy Impact
Heinz College in Washington D.C.
Trillion Dollar Questions
Public Interest Technology
History
Rankings
Dean's Advisory Council
Consequential Podcast
Faculty Hiring
Contact Us



School of Information Systems & ManagementSchool of Public Policy & ManagementCollege of Fine Arts Joint Degree ProgramsDiversity & InclusionHeinz College Policy ImpactHeinz College in Washington D.C.Trillion Dollar QuestionsPublic Interest TechnologyHistoryRankingsDean's Advisory CouncilConsequential PodcastFaculty HiringContact UsPrograms

Admissions

Faculty & Research   


Faculty Experts
Our Faculty In The News
Research Centers



Faculty ExpertsOur Faculty In The NewsResearch CentersLife at Heinz College

Employers & Corporate PartnersAlumniCurrent StudentsGIVEAPPLYAbout   


School of Information Systems & Management
School of Public Policy & Management
College of Fine Arts Joint Degree Programs
Diversity & Inclusion
Heinz College Policy Impact
Heinz College in Washington D.C.
Trillion Dollar Questions
Public Interest Technology
History
Rankings
Dean's Advisory Council
Consequential Podcast
Faculty Hiring
Contact Us



School of Information Systems & ManagementSchool of Public Policy & ManagementCollege of Fine Arts Joint Degree ProgramsDiversity & InclusionHeinz College Policy ImpactHeinz College in Washington D.C.Trillion Dollar QuestionsPublic Interest TechnologyHistoryRankingsDean's Advisory CouncilConsequential PodcastFaculty HiringContact UsPrograms

Admissions

Faculty & Research   


Faculty Experts
Our Faculty In The News
Research Centers



Faculty ExpertsOur Faculty In The NewsResearch CentersLife at Heinz College


Home

Directory
 Apply  Visit  Info  Give MediaLegal InfoContact UsAccessibilityDirectory          





     Search CMU Heinz Search    





  
         Search CMU Heinz Search    

About   


School of Information Systems & Management
School of Public Policy & Management
College of Fine Arts Joint Degree Programs
Diversity & Inclusion
Heinz College Policy Impact
Heinz College in Washington D.C.
Trillion Dollar Questions
Public Interest Technology
History
Rankings
Dean's Advisory Council
Consequential Podcast
Faculty Hiring
Contact Us




Programs


Admissions


Faculty & Research   


Faculty Experts
Our Faculty In The News
Research Centers




Life at Heinz College




Employers & Corporate Partners
Alumni
Current Students
GIVE
APPLY

  

About   


School of Information Systems & Management
School of Public Policy & Management
College of Fine Arts Joint Degree Programs
Diversity & Inclusion
Heinz College Policy Impact
Heinz College in Washington D.C.
Trillion Dollar Questions
Public Interest Technology
History
Rankings
Dean's Advisory Council
Consequential Podcast
Faculty Hiring
Contact Us




Programs


Admissions


Faculty & Research   


Faculty Experts
Our Faculty In The News
Research Centers




Life at Heinz College














Home


Directory










Staff Directory






NameRoom #Phone #EmailAcquisti, AlessandroHBH 2105C(412) 268-9853acquisti@andrew.cmu.eduAcrie, Jessica BowserHBH 1115F(412) 268-8930jabowser@cmu.eduAkoglu, LemanHBH 2118C(412) 268-3043lakoglu@andrew.cmu.eduAl-Sayouri, Saban/an/assayouri@andrew.cmu.eduAlthardt, StevenHBH A202An/asalthard@andrew.cmu.eduAnanthakrishnan, UttaraHBH 2101J(412) 268-8242uttara@cmu.eduApple, RebekahHBH 1115G(412) 268-8634rebekaha@andrew.cmu.eduBabcock, LindaPH 219C(412) 268-8789lb2k@andrew.cmu.eduBacharach, Jacobn/a(412) 268-2161bacharach@cmu.eduBalla, GoutamA101K(412) 268-1708gballa@andrew.cmu.eduBarrett, MartinHBH 3040(412) 268-3567martinba@andrew.cmu.eduBasma, DareenHBH 2006A(412) 268-6508dbasma@andrew.cmu.eduBeggs, Sean R.HBH 1104E(412) 268-5488sbeggs@andrew.cmu.eduBlumstein, Alfredn/an/aab0q@andrew.cmu.eduBorzutzky, SilviaHBH 2112(412) 268-3250sb6n@andrew.cmu.eduBranstetter, LeeHBH 2222(412) 268-4649branstet@andrew.cmu.eduBrink, BillHBH A103Bn/awbrink@andrew.cmu.eduBrown, ColinHBH 1003C(412) 268-8081colinbrown@cmu.eduBrown, EmilyHBH 1104A(412) 268-6730mears@andrew.cmu.eduBrown Jr., Brian S.HBH(412) 268-9471brianbro@andrew.cmu.eduBrunson, VeldaHBH A202C(412) 268-8056vbrunson@andrew.cmu.eduBurd-Baugh, ShoshiHBH A100412-268-1797sburdbau@andrew.cmu.eduCade, TiaonaHBH A008L(412) 268-4718tcade@andrew.cmu.eduCaldwell, StanHBH 3048(412) 268-9505stanleyc@andrew.cmu.eduCallan, JamieNSH 4502(412) 268-4525callan@lti.cs.cmu.eduCarey, CaitlinHBH A008(412) 268-3842ccarey3@andrew.cmu.edu Cassarly, KatieHBH A008G(412) 268-3055katiet@andrew.cmu.eduCaulkins, JonathanHBH 2219(412) 268-9590caulkins@andrew.cmu.eduCerniglia, OliviaHBH A008K(412) 268-8066ocernigl@andrew.cmu.eduChen, GeorgeHBH 2216(412) 268-1708georgech@andrew.cmu.eduChoi, DavidHBH 2118B(412) 268-8184davidch@andrew.cmu.eduChouldechova, AlexandraHBH 2224(412) 268-4414achould@cmu.eduClay, KarenHBH 2221(412) 268-4197kclay@andrew.cmu.eduClouser, CaraHBH 1001(412) 268-1591cclouser@andrew.cmu.eduCole, RobinHSB-DC(202) 403-8600rpcole@andrew.cmu.eduColeman, MarieHSB-DC(202) 403-8604mcoleman@andrew.cmu.eduCollis, Avinash (Avi)HBH 2226n/aavinashcollis@cmu.eduCrawford, BrettHBH 3023(412) 268-4923bcrawfor@andrew.cmu.eduDanenberg, DavidHBH 1101J(412) 268-2164davidbd@andrew.cmu.eduDelfine, RonHBH A008H(412) 268-4901rdelfine@andrew.cmu.eduEber, DavidHBH 1101C(412) 268-3347deber@andrew.cmu.eduEnglish, AnnHBH 1001B(412) 268-4559ame@andrew.cmu.eduEscallon Barrios, Marianan/an/amescallo@andrew.cmu.eduFarinelli, Marjorien/an/amf0b@andrew.cmu.eduFeng, Ada (Jiankun)n/an/ajiankunf@andrew.cmu.eduFerreira, PedroHBH 2220(412) 268-5526pedrof@cmu.eduFitzsimmons, RebekahHBH 2101F(412) 268-3986rfitzsim@andrew.cmu.eduFleischman, KarenHBH A008A(412) 268-7532karenk@andrew.cmu.eduFleishauer, MelodyHBH A202D(412) 268-4006melodyf@andrew.cmu.eduFoster, BrittanyHBH 1104(412) 268-2555brittanf@andrew.cmu.eduFranko, GaryHBH 1113(412) 268-8282gf0r@andrew.cmu.eduFrankoski, AllisonHBH 1104D(412) 268-8983allison@andrew.cmu.eduGambone, SuzetteGATF(412) 268-1285smongell@andrew.cmu.eduGarin, AndrewHBH 2224n/aagarin@andrew.cmu.eduGaynor, Martinn/an/amgaynor@andrew.cmu.eduGeraci, LoriHBH A101E(412) 268-7249lgeraci@andrew.cmu.eduGessner, Colen/an/acoleg@andrew.cmu.eduGloeckl, SamanthaHBH 1104(412) 268-1628sgloeckl@andrew.cmu.eduGogolak, Williamn/an/awgogolak@andrew.cmu.eduGongora-Svartzman, GabrielaHBH 2101B(412) 268-4842ggongora@andrew.cmu.eduGoranson, ChristopherHBH 2105B412-268-2084cgoranso@andrew.cmu.eduGreen, DanielLA Center(818) 980-6346dtgreen@andrew.cmu.eduSusan HaganHBH 3019(412) 268-5547hagan@cmu.eduHarper, CoreyBPH(412) 268-2940cdharper@andrew.cmu.eduHarris, SandyHBH A101F(412) 268-5148sh4d@andrew.cmu.eduHatfield, JorjetteHBH 1100A(412) 268-6640jhatfield@andrew.cmu.eduHaviland, AmeliaHBH 2214(412) 268-6705amelia@andrew.cmu.eduHendrickson, ChrisHBH 3050(412) 268-1066cth@andrew.cmu.eduHojka, AnjaHBH 1105(412) 268-4271ahojka@andrew.cmu.eduHyatt, KimHBH 3003(412) 268-4821hyatt@cmu.eduJafari, EsmaHBH 1105(412) 268-7788ejafari@andrew.cmu.eduJakub, BridgetHBH 1101B(412) 268-6065jakub@andrew.cmu.eduJarnagin, AlysonHBH A101B(412) 268-2628ajarnagi@andrew.cmu.eduJha, AkshayaHBH 2218(412) 268-4693akshayaj@andrew.cmu.eduJones, RobertHBH A202E(412) 268-6051robertj@andrew.cmu.eduJulian, AnnieHBH A101G(412) 268-4463ajulian@cmu.eduKamlet, MarkHBH 2002B(412) 268-6684kamlet@cmu.eduKing, KellyHBH 1115C(412) 268-6057kellykin@andrew.cmu.eduKoenig, FelixHBH 2202(412) 268-3671fkoenig@andrew.cmu.eduKovak, BrianHBH 2208(412) 268-5223bkovak@cmu.eduKrackhardt, DavidHBH 2215(412) 268-4758krack@andrew.cmu.eduKrishnan, RamayyaHBH 1003A(412) 268-2159rk2x@andrew.cmu.eduKurland, KristenHBH 2101C(412) 268-4512kurland@andrew.cmu.eduLabash, ChrisHBH 3021(412) 268-3817clabash@andrew.cmu.eduLassiter, AnaBellaalassite@andrew.cmu.eduLassman, DavidHBH 2114(412) 268-4150dlassman@andrew.cmu.eduLi, BeibeiHBH 2118G(412) 268-5002beibeili@andrew.cmu.eduLightman, AriHBH 2107C(412) 268-9312aligh@andrew.cmu.eduLightman, KarenHBH 2002A(412) 268-8973karenlightman@cmu.eduLovas, ErinHBH A101H(412) 268-4835enl@andrew.cmu.eduLutz, AlexandraHBH 1115H(412) 268-1041alutz@cmu.eduMalik, JocelynHBH A008G(412) 268-4876jmalik@andrew.cmu.eduMann, JoyHBH 2002(412) 268-8652joym@andrew.cmu.eduMarinos, StamatisHBH 1101E(412) 268-1622smarinos@andrew.cmu.eduMarshall, EmilyHBH 1105A(412) 268-2168emily@cmu.eduMartin, DanCFA 100(412) 268-6086djmartin@cmu.eduMassaro, HayleeHBH 3007412-268-3891hmassaro@andrew.cmu.eduMcCarthy, MichaelHBH 3015(412) 268-4657mm6@andrew.cmu.eduMcCorkle, Adriennen/a(412) 268-8756azottola@andrew.cmu.eduMcGrath, BrianHBH 1105C(412) 268-6797bgmcgrat@andrew.cmu.eduMehta, ShryanshHBH A103C(412) 268-5492shryansh@andrew.cmu.eduMendelson, SarahHSB-DC(202) 403-8606smendelson@cmu.eduMertz, JosephHBH 3028(412) 268-2540joemertz@cmu.eduMeyer, TobyCIC(412) 268-6387tjmeyer@andrew.cmu.eduMiller, WilleshaHBH 1101(412) 268-5319willeshm@andrew.cmu.eduMolzer, KaylaHBH 1104F(412) 268-4840kmolzer@andrew.cmu.eduMonahan, JennyHBH A103A(412) 268-6407jennymonahan@cmu.eduNagin, DanielHBH 2213(412) 268-8474dn03@andrew.cmu.eduNehlsen, Jonn/a(412) 268-1361jcn@andrew.cmu.eduNovikova, IrinaHBH 1001A(412) 268-1318irinasn@andrew.cmu.eduOsial, AlissaHBH 2250(412) 268-7343aosial@andrew.cmu.eduOstlund, Johnn/an/ajostlund@andrew.cmu.eduPadman, RemaHBH 2101D(412) 268-2180rpadman@andrew.cmu.eduPascal, NataliaHBH 2118(412) 268-9576azottola@andrew.cmu.eduPendrak, Kaitn/an/akpendrak@andrew.cmu.eduPetyak, ScottHBH A002C(412) 268-4080spetyak@andrew.cmu.eduPfaffle, EricHBH A202C(412) 268-1115epfaffle@andrew.cmu.eduProvenza, KimberlyHBH 1003(412) 268-3840kp3@andrew.cmu.eduPurdy, DarleneHBH 1103n/adlavra@andrew.cmu.eduQian, SeanHBH 3044(412) 268-4155seanqian@cmu.eduRao, Anandn/an/aanandr2@andrew.cmu.eduRedshaw, BrettHBH A202J(412) 268-5545bredshaw@andrew.cmu.eduRiel, DavidHBH 2107E(412) 268-5542jriel@andrew.cmu.eduRios, Cassandran/a(412) 268-8086crios2@andrew.cmu.eduRosenberg, StacyHBH 3005(412) 268-3463stacyr@andrew.cmu.eduRote, CarrieHBH 1101F(412) 268-4258crote@andrew.cmu.eduRousseau, DeniseHBH 2223(412) 268-8470rousseau@andrew.cmu.eduRyan, MaryLA Center(818) 980-6346maryryan@andrew.cmu.eduSandford, CatherineHBH A103B(412) 268-9257csandford@cmu.eduSchweyer, Lisa KayHBH 3046(412) 268-1178ls4f@andrew.cmu.eduSen, AnanyaHBH 2118J(412) 268-3517ananyase@andrew.cmu.eduSen, EmoryHBH 1104A(412) 268-2145esen@andrew.cmu.eduSevernini, EdsonHBH 2212(412) 268-2329edsons@andrew.cmu.eduSivan, Lironn/a(412) 268-6333lsivan@andrew.cmu.eduSmith, Michael D.HBH 2204(412) 268-5978mds@andrew.cmu.eduSpangler, MatthewHBH A008(412) 268-4377mspangler@cmu.eduSpeedy, JacquelineHBH 1115B(412) 268-5980jnameth@andrew.cmu.eduSriprasert, Gladys PerezHBH 1115D(412) 268-1909gladysp@andrew.cmu.eduStafford, RichardHBH 2107D(412) 268-2160rstaff@andrew.cmu.eduSteier, Davidn/an/asteier@andrew.cmu.eduStephenson, JillianHBH 3011(412) 268-7805jstephe2@andrew.cmu.eduStrauss, Robert P.HBH A118(412) 268-4798rs9f@andrew.cmu.eduStraw, PatriciaHBH 2105(412) 268-6420pstraw@andrew.cmu.eduSundry, ChristineHBH A008B(412) 268-6852christinesundry@cmu.eduSurve, Ajayn/an/aasurve@andrew.cmu.eduSynnott, LauraHBH 2107B(412) 268-3328synnott@andrew.cmu.eduSzczypula, JanuszHBH 3036(412) 268-6096js1m@andrew.cmu.eduTarr, JoelBH 236C(412) 268-2609jt03@andrew.cmu.eduTaylor, DianeHBH A008A(412) 268-1482detaylor@andrew.cmu.eduTaylor, Lowell J.HBH 2206(412) 268-3278lt20@andrew.cmu.eduTelang, RahulHBH 2205(412) 268-1155rtelang@andrew.cmu.eduTesta, JoshuaHBH A202D(412) 268-4816jrtesta@andrew.cmu.eduTrimbee, JamesHBH A202B(412) 268-4854trimbeej@andrew.cmu.eduTrzeciak, RandallHBH 1104C(412) 268-7040randallt@andrew.cmu.eduTu, XiaoyingHBH 2101G(412) 268-4834xiaoying@cmu.eduTucker, BrettCIC 3202(412) 268-6682brettt@andrew.cmu.eduUlicne, DavidHBH 1103A(412) 268-5543deu@andrew.cmu.eduWaldo, MichaelHBH A111(412) 268-4739mwaldo@andrew.cmu.eduWang, KaiHBH 2118H(412) 268-4739wangk@andrew.cmu.eduWasser, AndyHBH 1104B(412) 268-7639awasser@cmu.eduWebb, VanessaHBH A101H(412) 268-3432vwebb2@andrew.cmu.eduWei, NingjiHBH 2118Kn/aningjiw@andrew.cmu.eduWells, OliviaHBH 1105D(412) 268-5917ocwells@andrew.cmu.eduWeiss, Jeremyn/an/ajeremyweiss@cmu.eduWiater, LaurenHBH 1100B(412) 268-7763lwiater@andrew.cmu.eduWiberg, HollyHBH 2102Hn/ahwiberg@andrew.cmu.eduWirtz, MichelleHBH 3014(412) 268-4418mwirtz@andrew.cmu.eduWray, SteveHBH 2001(412) 268-8155swray2@andrew.cmu.eduWyne, Jeremyn/a(412) 268-9394jwyne@andrew.cmu.eduYeager, KristenHBH 2250(412) 268-7148kolinski@andrew.cmu.eduZhang, PeterHBH 2118E(412) 268-5738pyzhang@cmu.eduZhang, WenbinHBH 2101A(412) 268-5726wenbinzh@andrew.cmu.eduZhu, Woody ShixiangHBH 2118Hn/ashixianz@andrew.cmu.eduZnosko, Jessin/an/ajznosko@andrew.cmu.edu








Media Outlets

Please contact our media relations office.










 Apply 
 Visit 
 Info 
 Give 


Media
Legal Info
Contact Us
Accessibility
Directory


  
  
  
  
  

5000 Forbes Ave, Hamburg Hall, Pittsburgh, PA 15213-3890 · 412.268.2159
©2020 Carnegie Mellon University. All Rights Reserved.











     Search CMU Heinz Search    


     Search CMU Heinz Search    
     Search CMU Heinz Search    

  
         Search CMU Heinz Search    

About   


School of Information Systems & Management
School of Public Policy & Management
College of Fine Arts Joint Degree Programs
Diversity & Inclusion
Heinz College Policy Impact
Heinz College in Washington D.C.
Trillion Dollar Questions
Public Interest Technology
History
Rankings
Dean's Advisory Council
Consequential Podcast
Faculty Hiring
Contact Us




Programs


Admissions


Faculty & Research   


Faculty Experts
Our Faculty In The News
Research Centers




Life at Heinz College




Employers & Corporate Partners
Alumni
Current Students
GIVE
APPLY

  

About   


School of Information Systems & Management
School of Public Policy & Management
College of Fine Arts Joint Degree Programs
Diversity & Inclusion
Heinz College Policy Impact
Heinz College in Washington D.C.
Trillion Dollar Questions
Public Interest Technology
History
Rankings
Dean's Advisory Council
Consequential Podcast
Faculty Hiring
Contact Us




Programs


Admissions


Faculty & Research   


Faculty Experts
Our Faculty In The News
Research Centers




Life at Heinz College





  
         Search CMU Heinz Search    

About   


School of Information Systems & Management
School of Public Policy & Management
College of Fine Arts Joint Degree Programs
Diversity & Inclusion
Heinz College Policy Impact
Heinz College in Washington D.C.
Trillion Dollar Questions
Public Interest Technology
History
Rankings
Dean's Advisory Council
Consequential Podcast
Faculty Hiring
Contact Us




Programs


Admissions


Faculty & Research   


Faculty Experts
Our Faculty In The News
Research Centers




Life at Heinz College




Employers & Corporate Partners
Alumni
Current Students
GIVE
APPLY

  

About   


School of Information Systems & Management
School of Public Policy & Management
College of Fine Arts Joint Degree Programs
Diversity & Inclusion
Heinz College Policy Impact
Heinz College in Washington D.C.
Trillion Dollar Questions
Public Interest Technology
History
Rankings
Dean's Advisory Council
Consequential Podcast
Faculty Hiring
Contact Us




Programs


Admissions


Faculty & Research   


Faculty Experts
Our Faculty In The News
Research Centers




Life at Heinz College



  

School of Information Systems & Management
School of Public Policy & Management
College of Fine Arts Joint Degree Programs
Diversity & Inclusion
Heinz College Policy Impact
Heinz College in Washington D.C.
Trillion Dollar Questions
Public Interest Technology
History
Rankings
Dean's Advisory Council
Consequential Podcast
Faculty Hiring
Contact Us



Faculty Experts
Our Faculty In The News
Research Centers



School of Information Systems & Management
School of Public Policy & Management
College of Fine Arts Joint Degree Programs
Diversity & Inclusion
Heinz College Policy Impact
Heinz College in Washington D.C.
Trillion Dollar Questions
Public Interest Technology
History
Rankings
Dean's Advisory Council
Consequential Podcast
Faculty Hiring
Contact Us



Faculty Experts
Our Faculty In The News
Research Centers






Home


Directory








Home


Directory








Staff Directory






NameRoom #Phone #EmailAcquisti, AlessandroHBH 2105C(412) 268-9853acquisti@andrew.cmu.eduAcrie, Jessica BowserHBH 1115F(412) 268-8930jabowser@cmu.eduAkoglu, LemanHBH 2118C(412) 268-3043lakoglu@andrew.cmu.eduAl-Sayouri, Saban/an/assayouri@andrew.cmu.eduAlthardt, StevenHBH A202An/asalthard@andrew.cmu.eduAnanthakrishnan, UttaraHBH 2101J(412) 268-8242uttara@cmu.eduApple, RebekahHBH 1115G(412) 268-8634rebekaha@andrew.cmu.eduBabcock, LindaPH 219C(412) 268-8789lb2k@andrew.cmu.eduBacharach, Jacobn/a(412) 268-2161bacharach@cmu.eduBalla, GoutamA101K(412) 268-1708gballa@andrew.cmu.eduBarrett, MartinHBH 3040(412) 268-3567martinba@andrew.cmu.eduBasma, DareenHBH 2006A(412) 268-6508dbasma@andrew.cmu.eduBeggs, Sean R.HBH 1104E(412) 268-5488sbeggs@andrew.cmu.eduBlumstein, Alfredn/an/aab0q@andrew.cmu.eduBorzutzky, SilviaHBH 2112(412) 268-3250sb6n@andrew.cmu.eduBranstetter, LeeHBH 2222(412) 268-4649branstet@andrew.cmu.eduBrink, BillHBH A103Bn/awbrink@andrew.cmu.eduBrown, ColinHBH 1003C(412) 268-8081colinbrown@cmu.eduBrown, EmilyHBH 1104A(412) 268-6730mears@andrew.cmu.eduBrown Jr., Brian S.HBH(412) 268-9471brianbro@andrew.cmu.eduBrunson, VeldaHBH A202C(412) 268-8056vbrunson@andrew.cmu.eduBurd-Baugh, ShoshiHBH A100412-268-1797sburdbau@andrew.cmu.eduCade, TiaonaHBH A008L(412) 268-4718tcade@andrew.cmu.eduCaldwell, StanHBH 3048(412) 268-9505stanleyc@andrew.cmu.eduCallan, JamieNSH 4502(412) 268-4525callan@lti.cs.cmu.eduCarey, CaitlinHBH A008(412) 268-3842ccarey3@andrew.cmu.edu Cassarly, KatieHBH A008G(412) 268-3055katiet@andrew.cmu.eduCaulkins, JonathanHBH 2219(412) 268-9590caulkins@andrew.cmu.eduCerniglia, OliviaHBH A008K(412) 268-8066ocernigl@andrew.cmu.eduChen, GeorgeHBH 2216(412) 268-1708georgech@andrew.cmu.eduChoi, DavidHBH 2118B(412) 268-8184davidch@andrew.cmu.eduChouldechova, AlexandraHBH 2224(412) 268-4414achould@cmu.eduClay, KarenHBH 2221(412) 268-4197kclay@andrew.cmu.eduClouser, CaraHBH 1001(412) 268-1591cclouser@andrew.cmu.eduCole, RobinHSB-DC(202) 403-8600rpcole@andrew.cmu.eduColeman, MarieHSB-DC(202) 403-8604mcoleman@andrew.cmu.eduCollis, Avinash (Avi)HBH 2226n/aavinashcollis@cmu.eduCrawford, BrettHBH 3023(412) 268-4923bcrawfor@andrew.cmu.eduDanenberg, DavidHBH 1101J(412) 268-2164davidbd@andrew.cmu.eduDelfine, RonHBH A008H(412) 268-4901rdelfine@andrew.cmu.eduEber, DavidHBH 1101C(412) 268-3347deber@andrew.cmu.eduEnglish, AnnHBH 1001B(412) 268-4559ame@andrew.cmu.eduEscallon Barrios, Marianan/an/amescallo@andrew.cmu.eduFarinelli, Marjorien/an/amf0b@andrew.cmu.eduFeng, Ada (Jiankun)n/an/ajiankunf@andrew.cmu.eduFerreira, PedroHBH 2220(412) 268-5526pedrof@cmu.eduFitzsimmons, RebekahHBH 2101F(412) 268-3986rfitzsim@andrew.cmu.eduFleischman, KarenHBH A008A(412) 268-7532karenk@andrew.cmu.eduFleishauer, MelodyHBH A202D(412) 268-4006melodyf@andrew.cmu.eduFoster, BrittanyHBH 1104(412) 268-2555brittanf@andrew.cmu.eduFranko, GaryHBH 1113(412) 268-8282gf0r@andrew.cmu.eduFrankoski, AllisonHBH 1104D(412) 268-8983allison@andrew.cmu.eduGambone, SuzetteGATF(412) 268-1285smongell@andrew.cmu.eduGarin, AndrewHBH 2224n/aagarin@andrew.cmu.eduGaynor, Martinn/an/amgaynor@andrew.cmu.eduGeraci, LoriHBH A101E(412) 268-7249lgeraci@andrew.cmu.eduGessner, Colen/an/acoleg@andrew.cmu.eduGloeckl, SamanthaHBH 1104(412) 268-1628sgloeckl@andrew.cmu.eduGogolak, Williamn/an/awgogolak@andrew.cmu.eduGongora-Svartzman, GabrielaHBH 2101B(412) 268-4842ggongora@andrew.cmu.eduGoranson, ChristopherHBH 2105B412-268-2084cgoranso@andrew.cmu.eduGreen, DanielLA Center(818) 980-6346dtgreen@andrew.cmu.eduSusan HaganHBH 3019(412) 268-5547hagan@cmu.eduHarper, CoreyBPH(412) 268-2940cdharper@andrew.cmu.eduHarris, SandyHBH A101F(412) 268-5148sh4d@andrew.cmu.eduHatfield, JorjetteHBH 1100A(412) 268-6640jhatfield@andrew.cmu.eduHaviland, AmeliaHBH 2214(412) 268-6705amelia@andrew.cmu.eduHendrickson, ChrisHBH 3050(412) 268-1066cth@andrew.cmu.eduHojka, AnjaHBH 1105(412) 268-4271ahojka@andrew.cmu.eduHyatt, KimHBH 3003(412) 268-4821hyatt@cmu.eduJafari, EsmaHBH 1105(412) 268-7788ejafari@andrew.cmu.eduJakub, BridgetHBH 1101B(412) 268-6065jakub@andrew.cmu.eduJarnagin, AlysonHBH A101B(412) 268-2628ajarnagi@andrew.cmu.eduJha, AkshayaHBH 2218(412) 268-4693akshayaj@andrew.cmu.eduJones, RobertHBH A202E(412) 268-6051robertj@andrew.cmu.eduJulian, AnnieHBH A101G(412) 268-4463ajulian@cmu.eduKamlet, MarkHBH 2002B(412) 268-6684kamlet@cmu.eduKing, KellyHBH 1115C(412) 268-6057kellykin@andrew.cmu.eduKoenig, FelixHBH 2202(412) 268-3671fkoenig@andrew.cmu.eduKovak, BrianHBH 2208(412) 268-5223bkovak@cmu.eduKrackhardt, DavidHBH 2215(412) 268-4758krack@andrew.cmu.eduKrishnan, RamayyaHBH 1003A(412) 268-2159rk2x@andrew.cmu.eduKurland, KristenHBH 2101C(412) 268-4512kurland@andrew.cmu.eduLabash, ChrisHBH 3021(412) 268-3817clabash@andrew.cmu.eduLassiter, AnaBellaalassite@andrew.cmu.eduLassman, DavidHBH 2114(412) 268-4150dlassman@andrew.cmu.eduLi, BeibeiHBH 2118G(412) 268-5002beibeili@andrew.cmu.eduLightman, AriHBH 2107C(412) 268-9312aligh@andrew.cmu.eduLightman, KarenHBH 2002A(412) 268-8973karenlightman@cmu.eduLovas, ErinHBH A101H(412) 268-4835enl@andrew.cmu.eduLutz, AlexandraHBH 1115H(412) 268-1041alutz@cmu.eduMalik, JocelynHBH A008G(412) 268-4876jmalik@andrew.cmu.eduMann, JoyHBH 2002(412) 268-8652joym@andrew.cmu.eduMarinos, StamatisHBH 1101E(412) 268-1622smarinos@andrew.cmu.eduMarshall, EmilyHBH 1105A(412) 268-2168emily@cmu.eduMartin, DanCFA 100(412) 268-6086djmartin@cmu.eduMassaro, HayleeHBH 3007412-268-3891hmassaro@andrew.cmu.eduMcCarthy, MichaelHBH 3015(412) 268-4657mm6@andrew.cmu.eduMcCorkle, Adriennen/a(412) 268-8756azottola@andrew.cmu.eduMcGrath, BrianHBH 1105C(412) 268-6797bgmcgrat@andrew.cmu.eduMehta, ShryanshHBH A103C(412) 268-5492shryansh@andrew.cmu.eduMendelson, SarahHSB-DC(202) 403-8606smendelson@cmu.eduMertz, JosephHBH 3028(412) 268-2540joemertz@cmu.eduMeyer, TobyCIC(412) 268-6387tjmeyer@andrew.cmu.eduMiller, WilleshaHBH 1101(412) 268-5319willeshm@andrew.cmu.eduMolzer, KaylaHBH 1104F(412) 268-4840kmolzer@andrew.cmu.eduMonahan, JennyHBH A103A(412) 268-6407jennymonahan@cmu.eduNagin, DanielHBH 2213(412) 268-8474dn03@andrew.cmu.eduNehlsen, Jonn/a(412) 268-1361jcn@andrew.cmu.eduNovikova, IrinaHBH 1001A(412) 268-1318irinasn@andrew.cmu.eduOsial, AlissaHBH 2250(412) 268-7343aosial@andrew.cmu.eduOstlund, Johnn/an/ajostlund@andrew.cmu.eduPadman, RemaHBH 2101D(412) 268-2180rpadman@andrew.cmu.eduPascal, NataliaHBH 2118(412) 268-9576azottola@andrew.cmu.eduPendrak, Kaitn/an/akpendrak@andrew.cmu.eduPetyak, ScottHBH A002C(412) 268-4080spetyak@andrew.cmu.eduPfaffle, EricHBH A202C(412) 268-1115epfaffle@andrew.cmu.eduProvenza, KimberlyHBH 1003(412) 268-3840kp3@andrew.cmu.eduPurdy, DarleneHBH 1103n/adlavra@andrew.cmu.eduQian, SeanHBH 3044(412) 268-4155seanqian@cmu.eduRao, Anandn/an/aanandr2@andrew.cmu.eduRedshaw, BrettHBH A202J(412) 268-5545bredshaw@andrew.cmu.eduRiel, DavidHBH 2107E(412) 268-5542jriel@andrew.cmu.eduRios, Cassandran/a(412) 268-8086crios2@andrew.cmu.eduRosenberg, StacyHBH 3005(412) 268-3463stacyr@andrew.cmu.eduRote, CarrieHBH 1101F(412) 268-4258crote@andrew.cmu.eduRousseau, DeniseHBH 2223(412) 268-8470rousseau@andrew.cmu.eduRyan, MaryLA Center(818) 980-6346maryryan@andrew.cmu.eduSandford, CatherineHBH A103B(412) 268-9257csandford@cmu.eduSchweyer, Lisa KayHBH 3046(412) 268-1178ls4f@andrew.cmu.eduSen, AnanyaHBH 2118J(412) 268-3517ananyase@andrew.cmu.eduSen, EmoryHBH 1104A(412) 268-2145esen@andrew.cmu.eduSevernini, EdsonHBH 2212(412) 268-2329edsons@andrew.cmu.eduSivan, Lironn/a(412) 268-6333lsivan@andrew.cmu.eduSmith, Michael D.HBH 2204(412) 268-5978mds@andrew.cmu.eduSpangler, MatthewHBH A008(412) 268-4377mspangler@cmu.eduSpeedy, JacquelineHBH 1115B(412) 268-5980jnameth@andrew.cmu.eduSriprasert, Gladys PerezHBH 1115D(412) 268-1909gladysp@andrew.cmu.eduStafford, RichardHBH 2107D(412) 268-2160rstaff@andrew.cmu.eduSteier, Davidn/an/asteier@andrew.cmu.eduStephenson, JillianHBH 3011(412) 268-7805jstephe2@andrew.cmu.eduStrauss, Robert P.HBH A118(412) 268-4798rs9f@andrew.cmu.eduStraw, PatriciaHBH 2105(412) 268-6420pstraw@andrew.cmu.eduSundry, ChristineHBH A008B(412) 268-6852christinesundry@cmu.eduSurve, Ajayn/an/aasurve@andrew.cmu.eduSynnott, LauraHBH 2107B(412) 268-3328synnott@andrew.cmu.eduSzczypula, JanuszHBH 3036(412) 268-6096js1m@andrew.cmu.eduTarr, JoelBH 236C(412) 268-2609jt03@andrew.cmu.eduTaylor, DianeHBH A008A(412) 268-1482detaylor@andrew.cmu.eduTaylor, Lowell J.HBH 2206(412) 268-3278lt20@andrew.cmu.eduTelang, RahulHBH 2205(412) 268-1155rtelang@andrew.cmu.eduTesta, JoshuaHBH A202D(412) 268-4816jrtesta@andrew.cmu.eduTrimbee, JamesHBH A202B(412) 268-4854trimbeej@andrew.cmu.eduTrzeciak, RandallHBH 1104C(412) 268-7040randallt@andrew.cmu.eduTu, XiaoyingHBH 2101G(412) 268-4834xiaoying@cmu.eduTucker, BrettCIC 3202(412) 268-6682brettt@andrew.cmu.eduUlicne, DavidHBH 1103A(412) 268-5543deu@andrew.cmu.eduWaldo, MichaelHBH A111(412) 268-4739mwaldo@andrew.cmu.eduWang, KaiHBH 2118H(412) 268-4739wangk@andrew.cmu.eduWasser, AndyHBH 1104B(412) 268-7639awasser@cmu.eduWebb, VanessaHBH A101H(412) 268-3432vwebb2@andrew.cmu.eduWei, NingjiHBH 2118Kn/aningjiw@andrew.cmu.eduWells, OliviaHBH 1105D(412) 268-5917ocwells@andrew.cmu.eduWeiss, Jeremyn/an/ajeremyweiss@cmu.eduWiater, LaurenHBH 1100B(412) 268-7763lwiater@andrew.cmu.eduWiberg, HollyHBH 2102Hn/ahwiberg@andrew.cmu.eduWirtz, MichelleHBH 3014(412) 268-4418mwirtz@andrew.cmu.eduWray, SteveHBH 2001(412) 268-8155swray2@andrew.cmu.eduWyne, Jeremyn/a(412) 268-9394jwyne@andrew.cmu.eduYeager, KristenHBH 2250(412) 268-7148kolinski@andrew.cmu.eduZhang, PeterHBH 2118E(412) 268-5738pyzhang@cmu.eduZhang, WenbinHBH 2101A(412) 268-5726wenbinzh@andrew.cmu.eduZhu, Woody ShixiangHBH 2118Hn/ashixianz@andrew.cmu.eduZnosko, Jessin/an/ajznosko@andrew.cmu.edu








Media Outlets

Please contact our media relations office.







Staff Directory






NameRoom #Phone #EmailAcquisti, AlessandroHBH 2105C(412) 268-9853acquisti@andrew.cmu.eduAcrie, Jessica BowserHBH 1115F(412) 268-8930jabowser@cmu.eduAkoglu, LemanHBH 2118C(412) 268-3043lakoglu@andrew.cmu.eduAl-Sayouri, Saban/an/assayouri@andrew.cmu.eduAlthardt, StevenHBH A202An/asalthard@andrew.cmu.eduAnanthakrishnan, UttaraHBH 2101J(412) 268-8242uttara@cmu.eduApple, RebekahHBH 1115G(412) 268-8634rebekaha@andrew.cmu.eduBabcock, LindaPH 219C(412) 268-8789lb2k@andrew.cmu.eduBacharach, Jacobn/a(412) 268-2161bacharach@cmu.eduBalla, GoutamA101K(412) 268-1708gballa@andrew.cmu.eduBarrett, MartinHBH 3040(412) 268-3567martinba@andrew.cmu.eduBasma, DareenHBH 2006A(412) 268-6508dbasma@andrew.cmu.eduBeggs, Sean R.HBH 1104E(412) 268-5488sbeggs@andrew.cmu.eduBlumstein, Alfredn/an/aab0q@andrew.cmu.eduBorzutzky, SilviaHBH 2112(412) 268-3250sb6n@andrew.cmu.eduBranstetter, LeeHBH 2222(412) 268-4649branstet@andrew.cmu.eduBrink, BillHBH A103Bn/awbrink@andrew.cmu.eduBrown, ColinHBH 1003C(412) 268-8081colinbrown@cmu.eduBrown, EmilyHBH 1104A(412) 268-6730mears@andrew.cmu.eduBrown Jr., Brian S.HBH(412) 268-9471brianbro@andrew.cmu.eduBrunson, VeldaHBH A202C(412) 268-8056vbrunson@andrew.cmu.eduBurd-Baugh, ShoshiHBH A100412-268-1797sburdbau@andrew.cmu.eduCade, TiaonaHBH A008L(412) 268-4718tcade@andrew.cmu.eduCaldwell, StanHBH 3048(412) 268-9505stanleyc@andrew.cmu.eduCallan, JamieNSH 4502(412) 268-4525callan@lti.cs.cmu.eduCarey, CaitlinHBH A008(412) 268-3842ccarey3@andrew.cmu.edu Cassarly, KatieHBH A008G(412) 268-3055katiet@andrew.cmu.eduCaulkins, JonathanHBH 2219(412) 268-9590caulkins@andrew.cmu.eduCerniglia, OliviaHBH A008K(412) 268-8066ocernigl@andrew.cmu.eduChen, GeorgeHBH 2216(412) 268-1708georgech@andrew.cmu.eduChoi, DavidHBH 2118B(412) 268-8184davidch@andrew.cmu.eduChouldechova, AlexandraHBH 2224(412) 268-4414achould@cmu.eduClay, KarenHBH 2221(412) 268-4197kclay@andrew.cmu.eduClouser, CaraHBH 1001(412) 268-1591cclouser@andrew.cmu.eduCole, RobinHSB-DC(202) 403-8600rpcole@andrew.cmu.eduColeman, MarieHSB-DC(202) 403-8604mcoleman@andrew.cmu.eduCollis, Avinash (Avi)HBH 2226n/aavinashcollis@cmu.eduCrawford, BrettHBH 3023(412) 268-4923bcrawfor@andrew.cmu.eduDanenberg, DavidHBH 1101J(412) 268-2164davidbd@andrew.cmu.eduDelfine, RonHBH A008H(412) 268-4901rdelfine@andrew.cmu.eduEber, DavidHBH 1101C(412) 268-3347deber@andrew.cmu.eduEnglish, AnnHBH 1001B(412) 268-4559ame@andrew.cmu.eduEscallon Barrios, Marianan/an/amescallo@andrew.cmu.eduFarinelli, Marjorien/an/amf0b@andrew.cmu.eduFeng, Ada (Jiankun)n/an/ajiankunf@andrew.cmu.eduFerreira, PedroHBH 2220(412) 268-5526pedrof@cmu.eduFitzsimmons, RebekahHBH 2101F(412) 268-3986rfitzsim@andrew.cmu.eduFleischman, KarenHBH A008A(412) 268-7532karenk@andrew.cmu.eduFleishauer, MelodyHBH A202D(412) 268-4006melodyf@andrew.cmu.eduFoster, BrittanyHBH 1104(412) 268-2555brittanf@andrew.cmu.eduFranko, GaryHBH 1113(412) 268-8282gf0r@andrew.cmu.eduFrankoski, AllisonHBH 1104D(412) 268-8983allison@andrew.cmu.eduGambone, SuzetteGATF(412) 268-1285smongell@andrew.cmu.eduGarin, AndrewHBH 2224n/aagarin@andrew.cmu.eduGaynor, Martinn/an/amgaynor@andrew.cmu.eduGeraci, LoriHBH A101E(412) 268-7249lgeraci@andrew.cmu.eduGessner, Colen/an/acoleg@andrew.cmu.eduGloeckl, SamanthaHBH 1104(412) 268-1628sgloeckl@andrew.cmu.eduGogolak, Williamn/an/awgogolak@andrew.cmu.eduGongora-Svartzman, GabrielaHBH 2101B(412) 268-4842ggongora@andrew.cmu.eduGoranson, ChristopherHBH 2105B412-268-2084cgoranso@andrew.cmu.eduGreen, DanielLA Center(818) 980-6346dtgreen@andrew.cmu.eduSusan HaganHBH 3019(412) 268-5547hagan@cmu.eduHarper, CoreyBPH(412) 268-2940cdharper@andrew.cmu.eduHarris, SandyHBH A101F(412) 268-5148sh4d@andrew.cmu.eduHatfield, JorjetteHBH 1100A(412) 268-6640jhatfield@andrew.cmu.eduHaviland, AmeliaHBH 2214(412) 268-6705amelia@andrew.cmu.eduHendrickson, ChrisHBH 3050(412) 268-1066cth@andrew.cmu.eduHojka, AnjaHBH 1105(412) 268-4271ahojka@andrew.cmu.eduHyatt, KimHBH 3003(412) 268-4821hyatt@cmu.eduJafari, EsmaHBH 1105(412) 268-7788ejafari@andrew.cmu.eduJakub, BridgetHBH 1101B(412) 268-6065jakub@andrew.cmu.eduJarnagin, AlysonHBH A101B(412) 268-2628ajarnagi@andrew.cmu.eduJha, AkshayaHBH 2218(412) 268-4693akshayaj@andrew.cmu.eduJones, RobertHBH A202E(412) 268-6051robertj@andrew.cmu.eduJulian, AnnieHBH A101G(412) 268-4463ajulian@cmu.eduKamlet, MarkHBH 2002B(412) 268-6684kamlet@cmu.eduKing, KellyHBH 1115C(412) 268-6057kellykin@andrew.cmu.eduKoenig, FelixHBH 2202(412) 268-3671fkoenig@andrew.cmu.eduKovak, BrianHBH 2208(412) 268-5223bkovak@cmu.eduKrackhardt, DavidHBH 2215(412) 268-4758krack@andrew.cmu.eduKrishnan, RamayyaHBH 1003A(412) 268-2159rk2x@andrew.cmu.eduKurland, KristenHBH 2101C(412) 268-4512kurland@andrew.cmu.eduLabash, ChrisHBH 3021(412) 268-3817clabash@andrew.cmu.eduLassiter, AnaBellaalassite@andrew.cmu.eduLassman, DavidHBH 2114(412) 268-4150dlassman@andrew.cmu.eduLi, BeibeiHBH 2118G(412) 268-5002beibeili@andrew.cmu.eduLightman, AriHBH 2107C(412) 268-9312aligh@andrew.cmu.eduLightman, KarenHBH 2002A(412) 268-8973karenlightman@cmu.eduLovas, ErinHBH A101H(412) 268-4835enl@andrew.cmu.eduLutz, AlexandraHBH 1115H(412) 268-1041alutz@cmu.eduMalik, JocelynHBH A008G(412) 268-4876jmalik@andrew.cmu.eduMann, JoyHBH 2002(412) 268-8652joym@andrew.cmu.eduMarinos, StamatisHBH 1101E(412) 268-1622smarinos@andrew.cmu.eduMarshall, EmilyHBH 1105A(412) 268-2168emily@cmu.eduMartin, DanCFA 100(412) 268-6086djmartin@cmu.eduMassaro, HayleeHBH 3007412-268-3891hmassaro@andrew.cmu.eduMcCarthy, MichaelHBH 3015(412) 268-4657mm6@andrew.cmu.eduMcCorkle, Adriennen/a(412) 268-8756azottola@andrew.cmu.eduMcGrath, BrianHBH 1105C(412) 268-6797bgmcgrat@andrew.cmu.eduMehta, ShryanshHBH A103C(412) 268-5492shryansh@andrew.cmu.eduMendelson, SarahHSB-DC(202) 403-8606smendelson@cmu.eduMertz, JosephHBH 3028(412) 268-2540joemertz@cmu.eduMeyer, TobyCIC(412) 268-6387tjmeyer@andrew.cmu.eduMiller, WilleshaHBH 1101(412) 268-5319willeshm@andrew.cmu.eduMolzer, KaylaHBH 1104F(412) 268-4840kmolzer@andrew.cmu.eduMonahan, JennyHBH A103A(412) 268-6407jennymonahan@cmu.eduNagin, DanielHBH 2213(412) 268-8474dn03@andrew.cmu.eduNehlsen, Jonn/a(412) 268-1361jcn@andrew.cmu.eduNovikova, IrinaHBH 1001A(412) 268-1318irinasn@andrew.cmu.eduOsial, AlissaHBH 2250(412) 268-7343aosial@andrew.cmu.eduOstlund, Johnn/an/ajostlund@andrew.cmu.eduPadman, RemaHBH 2101D(412) 268-2180rpadman@andrew.cmu.eduPascal, NataliaHBH 2118(412) 268-9576azottola@andrew.cmu.eduPendrak, Kaitn/an/akpendrak@andrew.cmu.eduPetyak, ScottHBH A002C(412) 268-4080spetyak@andrew.cmu.eduPfaffle, EricHBH A202C(412) 268-1115epfaffle@andrew.cmu.eduProvenza, KimberlyHBH 1003(412) 268-3840kp3@andrew.cmu.eduPurdy, DarleneHBH 1103n/adlavra@andrew.cmu.eduQian, SeanHBH 3044(412) 268-4155seanqian@cmu.eduRao, Anandn/an/aanandr2@andrew.cmu.eduRedshaw, BrettHBH A202J(412) 268-5545bredshaw@andrew.cmu.eduRiel, DavidHBH 2107E(412) 268-5542jriel@andrew.cmu.eduRios, Cassandran/a(412) 268-8086crios2@andrew.cmu.eduRosenberg, StacyHBH 3005(412) 268-3463stacyr@andrew.cmu.eduRote, CarrieHBH 1101F(412) 268-4258crote@andrew.cmu.eduRousseau, DeniseHBH 2223(412) 268-8470rousseau@andrew.cmu.eduRyan, MaryLA Center(818) 980-6346maryryan@andrew.cmu.eduSandford, CatherineHBH A103B(412) 268-9257csandford@cmu.eduSchweyer, Lisa KayHBH 3046(412) 268-1178ls4f@andrew.cmu.eduSen, AnanyaHBH 2118J(412) 268-3517ananyase@andrew.cmu.eduSen, EmoryHBH 1104A(412) 268-2145esen@andrew.cmu.eduSevernini, EdsonHBH 2212(412) 268-2329edsons@andrew.cmu.eduSivan, Lironn/a(412) 268-6333lsivan@andrew.cmu.eduSmith, Michael D.HBH 2204(412) 268-5978mds@andrew.cmu.eduSpangler, MatthewHBH A008(412) 268-4377mspangler@cmu.eduSpeedy, JacquelineHBH 1115B(412) 268-5980jnameth@andrew.cmu.eduSriprasert, Gladys PerezHBH 1115D(412) 268-1909gladysp@andrew.cmu.eduStafford, RichardHBH 2107D(412) 268-2160rstaff@andrew.cmu.eduSteier, Davidn/an/asteier@andrew.cmu.eduStephenson, JillianHBH 3011(412) 268-7805jstephe2@andrew.cmu.eduStrauss, Robert P.HBH A118(412) 268-4798rs9f@andrew.cmu.eduStraw, PatriciaHBH 2105(412) 268-6420pstraw@andrew.cmu.eduSundry, ChristineHBH A008B(412) 268-6852christinesundry@cmu.eduSurve, Ajayn/an/aasurve@andrew.cmu.eduSynnott, LauraHBH 2107B(412) 268-3328synnott@andrew.cmu.eduSzczypula, JanuszHBH 3036(412) 268-6096js1m@andrew.cmu.eduTarr, JoelBH 236C(412) 268-2609jt03@andrew.cmu.eduTaylor, DianeHBH A008A(412) 268-1482detaylor@andrew.cmu.eduTaylor, Lowell J.HBH 2206(412) 268-3278lt20@andrew.cmu.eduTelang, RahulHBH 2205(412) 268-1155rtelang@andrew.cmu.eduTesta, JoshuaHBH A202D(412) 268-4816jrtesta@andrew.cmu.eduTrimbee, JamesHBH A202B(412) 268-4854trimbeej@andrew.cmu.eduTrzeciak, RandallHBH 1104C(412) 268-7040randallt@andrew.cmu.eduTu, XiaoyingHBH 2101G(412) 268-4834xiaoying@cmu.eduTucker, BrettCIC 3202(412) 268-6682brettt@andrew.cmu.eduUlicne, DavidHBH 1103A(412) 268-5543deu@andrew.cmu.eduWaldo, MichaelHBH A111(412) 268-4739mwaldo@andrew.cmu.eduWang, KaiHBH 2118H(412) 268-4739wangk@andrew.cmu.eduWasser, AndyHBH 1104B(412) 268-7639awasser@cmu.eduWebb, VanessaHBH A101H(412) 268-3432vwebb2@andrew.cmu.eduWei, NingjiHBH 2118Kn/aningjiw@andrew.cmu.eduWells, OliviaHBH 1105D(412) 268-5917ocwells@andrew.cmu.eduWeiss, Jeremyn/an/ajeremyweiss@cmu.eduWiater, LaurenHBH 1100B(412) 268-7763lwiater@andrew.cmu.eduWiberg, HollyHBH 2102Hn/ahwiberg@andrew.cmu.eduWirtz, MichelleHBH 3014(412) 268-4418mwirtz@andrew.cmu.eduWray, SteveHBH 2001(412) 268-8155swray2@andrew.cmu.eduWyne, Jeremyn/a(412) 268-9394jwyne@andrew.cmu.eduYeager, KristenHBH 2250(412) 268-7148kolinski@andrew.cmu.eduZhang, PeterHBH 2118E(412) 268-5738pyzhang@cmu.eduZhang, WenbinHBH 2101A(412) 268-5726wenbinzh@andrew.cmu.eduZhu, Woody ShixiangHBH 2118Hn/ashixianz@andrew.cmu.eduZnosko, Jessin/an/ajznosko@andrew.cmu.edu



Staff Directory



NameRoom #Phone #EmailAcquisti, AlessandroHBH 2105C(412) 268-9853acquisti@andrew.cmu.eduAcrie, Jessica BowserHBH 1115F(412) 268-8930jabowser@cmu.eduAkoglu, LemanHBH 2118C(412) 268-3043lakoglu@andrew.cmu.eduAl-Sayouri, Saban/an/assayouri@andrew.cmu.eduAlthardt, StevenHBH A202An/asalthard@andrew.cmu.eduAnanthakrishnan, UttaraHBH 2101J(412) 268-8242uttara@cmu.eduApple, RebekahHBH 1115G(412) 268-8634rebekaha@andrew.cmu.eduBabcock, LindaPH 219C(412) 268-8789lb2k@andrew.cmu.eduBacharach, Jacobn/a(412) 268-2161bacharach@cmu.eduBalla, GoutamA101K(412) 268-1708gballa@andrew.cmu.eduBarrett, MartinHBH 3040(412) 268-3567martinba@andrew.cmu.eduBasma, DareenHBH 2006A(412) 268-6508dbasma@andrew.cmu.eduBeggs, Sean R.HBH 1104E(412) 268-5488sbeggs@andrew.cmu.eduBlumstein, Alfredn/an/aab0q@andrew.cmu.eduBorzutzky, SilviaHBH 2112(412) 268-3250sb6n@andrew.cmu.eduBranstetter, LeeHBH 2222(412) 268-4649branstet@andrew.cmu.eduBrink, BillHBH A103Bn/awbrink@andrew.cmu.eduBrown, ColinHBH 1003C(412) 268-8081colinbrown@cmu.eduBrown, EmilyHBH 1104A(412) 268-6730mears@andrew.cmu.eduBrown Jr., Brian S.HBH(412) 268-9471brianbro@andrew.cmu.eduBrunson, VeldaHBH A202C(412) 268-8056vbrunson@andrew.cmu.eduBurd-Baugh, ShoshiHBH A100412-268-1797sburdbau@andrew.cmu.eduCade, TiaonaHBH A008L(412) 268-4718tcade@andrew.cmu.eduCaldwell, StanHBH 3048(412) 268-9505stanleyc@andrew.cmu.eduCallan, JamieNSH 4502(412) 268-4525callan@lti.cs.cmu.eduCarey, CaitlinHBH A008(412) 268-3842ccarey3@andrew.cmu.edu Cassarly, KatieHBH A008G(412) 268-3055katiet@andrew.cmu.eduCaulkins, JonathanHBH 2219(412) 268-9590caulkins@andrew.cmu.eduCerniglia, OliviaHBH A008K(412) 268-8066ocernigl@andrew.cmu.eduChen, GeorgeHBH 2216(412) 268-1708georgech@andrew.cmu.eduChoi, DavidHBH 2118B(412) 268-8184davidch@andrew.cmu.eduChouldechova, AlexandraHBH 2224(412) 268-4414achould@cmu.eduClay, KarenHBH 2221(412) 268-4197kclay@andrew.cmu.eduClouser, CaraHBH 1001(412) 268-1591cclouser@andrew.cmu.eduCole, RobinHSB-DC(202) 403-8600rpcole@andrew.cmu.eduColeman, MarieHSB-DC(202) 403-8604mcoleman@andrew.cmu.eduCollis, Avinash (Avi)HBH 2226n/aavinashcollis@cmu.eduCrawford, BrettHBH 3023(412) 268-4923bcrawfor@andrew.cmu.eduDanenberg, DavidHBH 1101J(412) 268-2164davidbd@andrew.cmu.eduDelfine, RonHBH A008H(412) 268-4901rdelfine@andrew.cmu.eduEber, DavidHBH 1101C(412) 268-3347deber@andrew.cmu.eduEnglish, AnnHBH 1001B(412) 268-4559ame@andrew.cmu.eduEscallon Barrios, Marianan/an/amescallo@andrew.cmu.eduFarinelli, Marjorien/an/amf0b@andrew.cmu.eduFeng, Ada (Jiankun)n/an/ajiankunf@andrew.cmu.eduFerreira, PedroHBH 2220(412) 268-5526pedrof@cmu.eduFitzsimmons, RebekahHBH 2101F(412) 268-3986rfitzsim@andrew.cmu.eduFleischman, KarenHBH A008A(412) 268-7532karenk@andrew.cmu.eduFleishauer, MelodyHBH A202D(412) 268-4006melodyf@andrew.cmu.eduFoster, BrittanyHBH 1104(412) 268-2555brittanf@andrew.cmu.eduFranko, GaryHBH 1113(412) 268-8282gf0r@andrew.cmu.eduFrankoski, AllisonHBH 1104D(412) 268-8983allison@andrew.cmu.eduGambone, SuzetteGATF(412) 268-1285smongell@andrew.cmu.eduGarin, AndrewHBH 2224n/aagarin@andrew.cmu.eduGaynor, Martinn/an/amgaynor@andrew.cmu.eduGeraci, LoriHBH A101E(412) 268-7249lgeraci@andrew.cmu.eduGessner, Colen/an/acoleg@andrew.cmu.eduGloeckl, SamanthaHBH 1104(412) 268-1628sgloeckl@andrew.cmu.eduGogolak, Williamn/an/awgogolak@andrew.cmu.eduGongora-Svartzman, GabrielaHBH 2101B(412) 268-4842ggongora@andrew.cmu.eduGoranson, ChristopherHBH 2105B412-268-2084cgoranso@andrew.cmu.eduGreen, DanielLA Center(818) 980-6346dtgreen@andrew.cmu.eduSusan HaganHBH 3019(412) 268-5547hagan@cmu.eduHarper, CoreyBPH(412) 268-2940cdharper@andrew.cmu.eduHarris, SandyHBH A101F(412) 268-5148sh4d@andrew.cmu.eduHatfield, JorjetteHBH 1100A(412) 268-6640jhatfield@andrew.cmu.eduHaviland, AmeliaHBH 2214(412) 268-6705amelia@andrew.cmu.eduHendrickson, ChrisHBH 3050(412) 268-1066cth@andrew.cmu.eduHojka, AnjaHBH 1105(412) 268-4271ahojka@andrew.cmu.eduHyatt, KimHBH 3003(412) 268-4821hyatt@cmu.eduJafari, EsmaHBH 1105(412) 268-7788ejafari@andrew.cmu.eduJakub, BridgetHBH 1101B(412) 268-6065jakub@andrew.cmu.eduJarnagin, AlysonHBH A101B(412) 268-2628ajarnagi@andrew.cmu.eduJha, AkshayaHBH 2218(412) 268-4693akshayaj@andrew.cmu.eduJones, RobertHBH A202E(412) 268-6051robertj@andrew.cmu.eduJulian, AnnieHBH A101G(412) 268-4463ajulian@cmu.eduKamlet, MarkHBH 2002B(412) 268-6684kamlet@cmu.eduKing, KellyHBH 1115C(412) 268-6057kellykin@andrew.cmu.eduKoenig, FelixHBH 2202(412) 268-3671fkoenig@andrew.cmu.eduKovak, BrianHBH 2208(412) 268-5223bkovak@cmu.eduKrackhardt, DavidHBH 2215(412) 268-4758krack@andrew.cmu.eduKrishnan, RamayyaHBH 1003A(412) 268-2159rk2x@andrew.cmu.eduKurland, KristenHBH 2101C(412) 268-4512kurland@andrew.cmu.eduLabash, ChrisHBH 3021(412) 268-3817clabash@andrew.cmu.eduLassiter, AnaBellaalassite@andrew.cmu.eduLassman, DavidHBH 2114(412) 268-4150dlassman@andrew.cmu.eduLi, BeibeiHBH 2118G(412) 268-5002beibeili@andrew.cmu.eduLightman, AriHBH 2107C(412) 268-9312aligh@andrew.cmu.eduLightman, KarenHBH 2002A(412) 268-8973karenlightman@cmu.eduLovas, ErinHBH A101H(412) 268-4835enl@andrew.cmu.eduLutz, AlexandraHBH 1115H(412) 268-1041alutz@cmu.eduMalik, JocelynHBH A008G(412) 268-4876jmalik@andrew.cmu.eduMann, JoyHBH 2002(412) 268-8652joym@andrew.cmu.eduMarinos, StamatisHBH 1101E(412) 268-1622smarinos@andrew.cmu.eduMarshall, EmilyHBH 1105A(412) 268-2168emily@cmu.eduMartin, DanCFA 100(412) 268-6086djmartin@cmu.eduMassaro, HayleeHBH 3007412-268-3891hmassaro@andrew.cmu.eduMcCarthy, MichaelHBH 3015(412) 268-4657mm6@andrew.cmu.eduMcCorkle, Adriennen/a(412) 268-8756azottola@andrew.cmu.eduMcGrath, BrianHBH 1105C(412) 268-6797bgmcgrat@andrew.cmu.eduMehta, ShryanshHBH A103C(412) 268-5492shryansh@andrew.cmu.eduMendelson, SarahHSB-DC(202) 403-8606smendelson@cmu.eduMertz, JosephHBH 3028(412) 268-2540joemertz@cmu.eduMeyer, TobyCIC(412) 268-6387tjmeyer@andrew.cmu.eduMiller, WilleshaHBH 1101(412) 268-5319willeshm@andrew.cmu.eduMolzer, KaylaHBH 1104F(412) 268-4840kmolzer@andrew.cmu.eduMonahan, JennyHBH A103A(412) 268-6407jennymonahan@cmu.eduNagin, DanielHBH 2213(412) 268-8474dn03@andrew.cmu.eduNehlsen, Jonn/a(412) 268-1361jcn@andrew.cmu.eduNovikova, IrinaHBH 1001A(412) 268-1318irinasn@andrew.cmu.eduOsial, AlissaHBH 2250(412) 268-7343aosial@andrew.cmu.eduOstlund, Johnn/an/ajostlund@andrew.cmu.eduPadman, RemaHBH 2101D(412) 268-2180rpadman@andrew.cmu.eduPascal, NataliaHBH 2118(412) 268-9576azottola@andrew.cmu.eduPendrak, Kaitn/an/akpendrak@andrew.cmu.eduPetyak, ScottHBH A002C(412) 268-4080spetyak@andrew.cmu.eduPfaffle, EricHBH A202C(412) 268-1115epfaffle@andrew.cmu.eduProvenza, KimberlyHBH 1003(412) 268-3840kp3@andrew.cmu.eduPurdy, DarleneHBH 1103n/adlavra@andrew.cmu.eduQian, SeanHBH 3044(412) 268-4155seanqian@cmu.eduRao, Anandn/an/aanandr2@andrew.cmu.eduRedshaw, BrettHBH A202J(412) 268-5545bredshaw@andrew.cmu.eduRiel, DavidHBH 2107E(412) 268-5542jriel@andrew.cmu.eduRios, Cassandran/a(412) 268-8086crios2@andrew.cmu.eduRosenberg, StacyHBH 3005(412) 268-3463stacyr@andrew.cmu.eduRote, CarrieHBH 1101F(412) 268-4258crote@andrew.cmu.eduRousseau, DeniseHBH 2223(412) 268-8470rousseau@andrew.cmu.eduRyan, MaryLA Center(818) 980-6346maryryan@andrew.cmu.eduSandford, CatherineHBH A103B(412) 268-9257csandford@cmu.eduSchweyer, Lisa KayHBH 3046(412) 268-1178ls4f@andrew.cmu.eduSen, AnanyaHBH 2118J(412) 268-3517ananyase@andrew.cmu.eduSen, EmoryHBH 1104A(412) 268-2145esen@andrew.cmu.eduSevernini, EdsonHBH 2212(412) 268-2329edsons@andrew.cmu.eduSivan, Lironn/a(412) 268-6333lsivan@andrew.cmu.eduSmith, Michael D.HBH 2204(412) 268-5978mds@andrew.cmu.eduSpangler, MatthewHBH A008(412) 268-4377mspangler@cmu.eduSpeedy, JacquelineHBH 1115B(412) 268-5980jnameth@andrew.cmu.eduSriprasert, Gladys PerezHBH 1115D(412) 268-1909gladysp@andrew.cmu.eduStafford, RichardHBH 2107D(412) 268-2160rstaff@andrew.cmu.eduSteier, Davidn/an/asteier@andrew.cmu.eduStephenson, JillianHBH 3011(412) 268-7805jstephe2@andrew.cmu.eduStrauss, Robert P.HBH A118(412) 268-4798rs9f@andrew.cmu.eduStraw, PatriciaHBH 2105(412) 268-6420pstraw@andrew.cmu.eduSundry, ChristineHBH A008B(412) 268-6852christinesundry@cmu.eduSurve, Ajayn/an/aasurve@andrew.cmu.eduSynnott, LauraHBH 2107B(412) 268-3328synnott@andrew.cmu.eduSzczypula, JanuszHBH 3036(412) 268-6096js1m@andrew.cmu.eduTarr, JoelBH 236C(412) 268-2609jt03@andrew.cmu.eduTaylor, DianeHBH A008A(412) 268-1482detaylor@andrew.cmu.eduTaylor, Lowell J.HBH 2206(412) 268-3278lt20@andrew.cmu.eduTelang, RahulHBH 2205(412) 268-1155rtelang@andrew.cmu.eduTesta, JoshuaHBH A202D(412) 268-4816jrtesta@andrew.cmu.eduTrimbee, JamesHBH A202B(412) 268-4854trimbeej@andrew.cmu.eduTrzeciak, RandallHBH 1104C(412) 268-7040randallt@andrew.cmu.eduTu, XiaoyingHBH 2101G(412) 268-4834xiaoying@cmu.eduTucker, BrettCIC 3202(412) 268-6682brettt@andrew.cmu.eduUlicne, DavidHBH 1103A(412) 268-5543deu@andrew.cmu.eduWaldo, MichaelHBH A111(412) 268-4739mwaldo@andrew.cmu.eduWang, KaiHBH 2118H(412) 268-4739wangk@andrew.cmu.eduWasser, AndyHBH 1104B(412) 268-7639awasser@cmu.eduWebb, VanessaHBH A101H(412) 268-3432vwebb2@andrew.cmu.eduWei, NingjiHBH 2118Kn/aningjiw@andrew.cmu.eduWells, OliviaHBH 1105D(412) 268-5917ocwells@andrew.cmu.eduWeiss, Jeremyn/an/ajeremyweiss@cmu.eduWiater, LaurenHBH 1100B(412) 268-7763lwiater@andrew.cmu.eduWiberg, HollyHBH 2102Hn/ahwiberg@andrew.cmu.eduWirtz, MichelleHBH 3014(412) 268-4418mwirtz@andrew.cmu.eduWray, SteveHBH 2001(412) 268-8155swray2@andrew.cmu.eduWyne, Jeremyn/a(412) 268-9394jwyne@andrew.cmu.eduYeager, KristenHBH 2250(412) 268-7148kolinski@andrew.cmu.eduZhang, PeterHBH 2118E(412) 268-5738pyzhang@cmu.eduZhang, WenbinHBH 2101A(412) 268-5726wenbinzh@andrew.cmu.eduZhu, Woody ShixiangHBH 2118Hn/ashixianz@andrew.cmu.eduZnosko, Jessin/an/ajznosko@andrew.cmu.edu



Media Outlets

Please contact our media relations office.



Media Outlets

Please contact our media relations office.




 Apply 
 Visit 
 Info 
 Give 


Media
Legal Info
Contact Us
Accessibility
Directory


  
  
  
  
  

5000 Forbes Ave, Hamburg Hall, Pittsburgh, PA 15213-3890 · 412.268.2159
©2020 Carnegie Mellon University. All Rights Reserved.





 Apply 
 Visit 
 Info 
 Give 


Media
Legal Info
Contact Us
Accessibility
Directory


  
  
  
  
  

5000 Forbes Ave, Hamburg Hall, Pittsburgh, PA 15213-3890 · 412.268.2159
©2020 Carnegie Mellon University. All Rights Reserved.



 Apply 
 Visit 
 Info 
 Give 


Media
Legal Info
Contact Us
Accessibility
Directory


  
  
  
  
  

5000 Forbes Ave, Hamburg Hall, Pittsburgh, PA 15213-3890 · 412.268.2159
©2020 Carnegie Mellon University. All Rights Reserved.
